experiment_id,mean_reward,std_reward,final_reward,max_reward,min_reward,convergence_timesteps,sample_efficiency,stability_score,success_rate,training_time
exp_1,111.37230000741003,23.474153786034716,144.15197845151505,157.24293653409586,66.60305906462514,,0.0,0.8975976203457056,,3600
exp_2,129.05626329963246,28.05954604287987,167.4433141830423,185.16744874613073,66.8201120171256,,0.0,0.888020083717915,,4200
exp_3,146.1497607482058,33.64839820993986,180.00557187540943,211.74452540548816,70.5509988781131,,0.0,0.8736094280226394,,4800
exp_4,154.52793652652974,42.064585500116024,185.7717752092953,244.7174274678692,56.62643548411837,,0.0,0.851033053193256,,5400
